"Company,URL,X- Handle,Other contact
"usa",https://www.usai.io/about-us/,@usa,
"playment",https://playment.io/,@playment,
"reisystems",https://www.reisystems.io/capabilities/ai/,@reisystems,
"impel",https://www.impel.io/,@impel,
"rapidai",https://rapidai.io/,@rapidai,
"carah",https://carah.io/machine-ai-solutions,@carah,
"usai",https://www.usai.io/,@usai,
"surfit",https://surfit.io/link/rYRv2,@surfit,
"spklr",http://spklr.io/6040xEBC,@spklr,
"4alabs",https://www.4alabs.io/ai-solutions/,@4alabs,
"bigbear",https://bigbear.io/,@bigbear,
"lighttag",https://www.lighttag.io/,@lighttag,
"cirruslabs",https://www.cirruslabs.io/ai-services,@cirruslabs,
"enterpriseaisolutions",https://www.enterpriseaisolutions.io/,@enterpriseaisolutions,
"customaisolutions",https://customaisolutions.io/,@customaisolutions,
"s-pro",https://s-pro.io/blog/crafting-superior-ai-solutions-in-business-our-approach-and-why-it-matters,@s-pro,
"latentai",http://latentai.io/,@latentai,
"programmers",https://programmers.io/ai-ml-solutions/,@programmers,
"cai",https://www.cai.io/services/responsible-artificial-intelligence-ai,@cai,
"nuvalence",https://nuvalence.io/,@nuvalence,
"austinai",https://www.austinai.io/,@austinai,
"sommo",https://www.sommo.io/ai,@sommo,
"tavus",https://www.tavus.io/post/conversational-ai-solutions,@tavus,
"cognitiv-2-0.webflow",https://cognitiv-2-0.webflow.io/,@cognitiv-2-0.webflow,
"synthesia",https://www.synthesia.io/post/ai-tools,@synthesia,
"connexone",https://www.connexone.io/,@connexone,
"invisible-co-738578.webflow",https://invisible-co-738578.webflow.io/,@invisible-co-738578.webflow,
"cloudflight",https://www.cloudflight.io/en/service/ai-development/,@cloudflight,
"softblues",https://softblues.io/ai-education/,@softblues,https://softblues.io/ai-education/
"blackfordanalysis",http://blackfordanalysis.io/,@blackfordanalysis,
"pivotal",https://pivotal.io/smart-applications,@pivotal,
"accompany",https://www.accompany.io/,@accompany,
"realreviews",https://realreviews.io/go-to/ai-pro.org,@realreviews,
"pcg",https://pcg.io/insights/5-types-of-ai-small-business-guide/,@pcg,
"aon",https://aon.io/3B1dSWv?trk=public_post_reshare-text,@aon,
"multiverse",https://www.multiverse.io/employers/solutions/ai,@multiverse,
"trility",https://www.trility.io/insights/what-lies-beneath-ai-solutions,@trility,
"spkl",https://spkl.io/6046f0eV8,@spkl,
"wehelpyougrow",https://wehelpyougrow.io/artificial-intelligence-solutions-empower-your-business-growth-with-ai-we-help-you-grow,@wehelpyougrow,
"smartly",https://www.smartly.io/,@smartly,
"sleekflow",https://sleekflow.io/blog/ai-chatbot-solutions,@sleekflow,
"shelf",https://shelf.io/blog/three-challenges-for-businesses-considering-ai-solutions/,@shelf,
"nuzoo",https://nuzoo.io/site/redirect/TGV0c0VuY29kZVRoaXNVUkwxMDI1NDI3Ni1yZWd1bGFy,@nuzoo,
"druidai",https://druidai.io/,@druidai,
"unaligned",https://www.unaligned.io/p/scalability-of-ai-solutions,@unaligned,
"divelement",https://divelement.io/subservices/custom-ai-solutions-development/,@divelement,
"insight7",https://insight7.io/ai-solutions-for-enterprise-level-efficiency/,@insight7,
"ai.plainenglish",https://ai.plainenglish.io/when-ai-solutions-fail-lessons-learned-from-integrating-ai-solutions-in-business-processes-ade231e668be,@ai.plainenglish,
"nnit",https://www.nnit.io/,@nnit,
"dev06.mitsmr",https://dev06.mitsmr.io/projects/achieving-individual-and-organizational-value-with-ai/,@dev06.mitsmr,
"reco-website.webflow",https://reco-website.webflow.io/,@reco-website.webflow,
"multiverse",https://www.multiverse.io/en-GB/employers/courses/ai-for-business-value,@multiverse,
"indico",http://indico.io/,@indico,
"lunit",https://www.lunit.io/,@lunit,
"job-boards.greenhouse",https://job-boards.greenhouse.io/c3iot/jobs/7735703002,@job-boards.greenhouse,
"forum.bubble",https://forum.bubble.io/t/ai-solution-integrate-via-api-how-to-integrate-ai-solutions-with-api-is-it-possible-recombee-clarifai-neauralhub-etc-very-curious/99817,@forum.bubble,
"ikigailabs",https://www.ikigailabs.io/,@ikigailabs,
"placer",https://www.placer.io/,@placer,
"qgraph",https://qgraph.io/,@qgraph,
"kontakt",https://kontakt.io/blog/in-the-news-ai-solutions-to-tackle-modern-healthcare-challenges/,@kontakt,https://kontakt.io/blog/in-the-news-ai-solutions-to-tackle-modern-healthcare-challenges/
"synapse-analytics",https://synapse-analytics.io/,@synapse-analytics,https://synapse-analytics.io/
"wiz",https://www.wiz.io/solutions/ai-spm,@wiz,
"aretec",https://aretec.io/,@aretec,
"worlds",https://www.worlds.io/,@worlds,https://www.worlds.io/
"thirdeyedata",https://thirdeyedata.io/,@thirdeyedata,
"scventures",https://scventures.io/fintechbridge/entrepreneurship/challenge/07ad79f9-7d07-4fb8-a371-e1a1aaefe0b2,@scventures,
"arcadia",https://arcadia.io/resources/arcadia-enables-high-value-care-with-advanced-interoperability-and-ai-solutions,@arcadia,
"trytreat",https://www.trytreat.io/,@trytreat,https://www.trytreat.io/
"gong",https://www.gong.io/,@gong,
"quadc",https://www.quadc.io/features-ai-tutor,@quadc,
"alkymi",https://www.alkymi.io/,@alkymi,
"vistio",https://www.vistio.io/blog/revolutionize-outbound-sales-call-training-with-ai-powered-solutions/,@vistio,
"talkthru",https://www.talkthru.io/about-us/,@talkthru,
"click.10words",https://click.10words.io/click?appIdentifier=974cfa06-c6b8-4d26-b953-eac66e09253a&utm_source=10words&utm_medium=website&utm_campaign=homepage,@click.10words,
"perception-point",https://perception-point.io/guides/ai-security/top-6-ai-security-risks-and-how-to-defend-your-organization/,@perception-point,
"go.es",https://go.es.io/2t0TpKQ,@go.es,
"syntura",https://www.syntura.io/solution/ai-and-automation/ai-solutions/,@syntura,
"weka",https://www.weka.io/solutions/ai-machine-learning/,@weka,https://www.weka.io/solutions/ai-machine-learning/
"iodine",http://www.iodine.io/,@iodine,
"app.videahealth",https://app.videahealth.io/news/dentalcorp-to-deploy-videahealths-leading-ai-solutions-across-its-network-to-enhance-patient-care-and-practice-performance,@app.videahealth,
"veraqor",https://veraqor.io/custom-ai-solutions/,@veraqor,
"cgsteam",https://cgsteam.io/services/ai,@cgsteam,
"sentry",https://docs.sentry.io/product/ai-in-sentry/seer/,@sentry,
"allcloud",https://allcloud.io/press_releases/allcloud-anthropic-collaborate/,@allcloud,
"azure.github",https://azure.github.io/Security-and-Responsible-AI-Guide/chapters/chapter_02_designing_secure_responsible_ai_solutions,@azure.github,
"getstellar.frb",https://getstellar.frb.io/,@getstellar.frb,
"nlts",https://www.nlts.io/data-solutions,@nlts,
"search",https://www.search.io/,@search,
"unoy",https://unoy.io/tag/ai-solutions,@unoy,
"confluent",https://www.confluent.io/blog/Building-Trust-in-AI-equals-Trustworthy-AI/,@confluent,
"lakefs",https://lakefs.io/blog/the-state-of-data-ai-engineering-2025/,@lakefs,https://lakefs.io/blog/the-state-of-data-ai-engineering-2025/
"emplifi",https://emplifi.io/press/emplifi-rolls-out-10-new-ai-powered-social-media-marketing-and-customer-care-tools/,@emplifi,
"events.blackthorn",https://events.blackthorn.io/en/5i13it57/g/b57eH4q8cY/200824-engineering-innovation-pioneering-practical-deep-tech-ai-solutions-5a1bJ319lYX,@events.blackthorn,
"synera",https://www.synera.io/ai,@synera,
"twelvelabs",https://www.twelvelabs.io/,@twelvelabs,
"aitransformation",http://aitransformation.io/,@aitransformation,
"stanford",https://stanford.io/4cZA800,@stanford,
"zazz",https://www.zazz.io/ai-development-company,@zazz,
"akka",https://akka.io/customer-stories/coho-ai-brings-innovative-solutions-to-market-75-percent-faster,@akka,
"azure.github",https://azure.github.io/Security-and-Responsible-AI-Guide/chapters/chapter_02_designing_secure_responsible_ai_solutions,@azure.github,
"getstellar.frb",https://getstellar.frb.io/,@getstellar.frb,
"nlts",https://www.nlts.io/data-solutions,@nlts,
"search",https://www.search.io/,@search,
"unoy",https://unoy.io/tag/ai-solutions,@unoy,
"confluent",https://www.confluent.io/blog/Building-Trust-in-AI-equals-Trustworthy-AI/,@confluent,
"lakefs",https://lakefs.io/blog/the-state-of-data-ai-engineering-2025/,@lakefs,https://lakefs.io/blog/the-state-of-data-ai-engineering-2025/
"emplifi",https://emplifi.io/press/emplifi-rolls-out-10-new-ai-powered-social-media-marketing-and-customer-care-tools/,@emplifi,
"events.blackthorn",https://events.blackthorn.io/en/5i13it57/g/b57eH4q8cY/200824-engineering-innovation-pioneering-practical-deep-tech-ai-solutions-5a1bJ319lYX,@events.blackthorn,
"synera",https://www.synera.io/ai,@synera,
"twelvelabs",https://www.twelvelabs.io/,@twelvelabs,
"aitransformation",http://aitransformation.io/,@aitransformation,
"stanford",https://stanford.io/4cZA800,@stanford,
"zazz",https://www.zazz.io/ai-development-company,@zazz,
"akka",https://akka.io/customer-stories/coho-ai-brings-innovative-solutions-to-market-75-percent-faster,@akka,
"}